P_Key,Link,KH_Key
P-1,https://drive.google.com/open?id=11vT3QYwLVeMjRSvU0Y4cYPxoHzmYdtIU,K-0153
P-2,https://drive.google.com/open?id=10b7rhwhPn0RlYQaAxRrjWvnPLhHXQ7b2,K-0160
P-3,https://drive.google.com/open?id=1fBUuK0tfyQHDf7EqsBxnXdbF92GEaHCw,K-0177
P-4,https://drive.google.com/open?id=1XNvXjLOBmWSBocWJovZRXlcGMngA0Roq,K-0362
P-5,https://drive.google.com/open?id=1PzPadAP9-uI2i3MWCzKbust_2u-CEur0,K-0363
P-6,https://drive.google.com/open?id=1R0ztnhgjjObMI7rNC2EBI7iwU5j8Z3uQ,K-0364
P-7,https://drive.google.com/open?id=148SreDCZ5lP3HKqE-HYCDOPuaEcQnCZT,K-0386
P-8,https://drive.google.com/open?id=1QJMq1wmY8Tj_TAjcEgw0GyBnzQOSV2-s,K-0388
P-9,https://drive.google.com/open?id=1WnZPNVzm2YDQI9XsKXJoG5gI1vS8VYZP,K-0392
P-10,https://drive.google.com/open?id=1H6TYD4ykZ9-5ma9md8iICk_1SU8NuDsb,K-0394
P-11,https://drive.google.com/open?id=1O3b92CDAAbCVPTFU_EJGsRqDVQDvufOg,K-0401
P-12,https://drive.google.com/open?id=1Xzo0JgI7LAeTxoGFlUOSHpSQpidu6NZb,K-0403
P-13,https://drive.google.com/open?id=1N2ltGRVN4ztNosXh6Uj7XS09fe8iMPBj,K-0420
P-14,https://drive.google.com/open?id=1NPIRRxUEbCyOApy0sqc8Q2VBxBmE2xqQ,K-0427
P-15,https://drive.google.com/open?id=19vdoo8sDvMGovc2sQRfAX3b068VWsmaR,K-0448
P-16,https://drive.google.com/open?id=1oWRocDNOuYeBRC6CpMjuYO0AZTxNqQI6,K-0449
P-17,https://drive.google.com/open?id=1UKo3j1P05uRu8vGU7rHRXTYWvUxmwG0t,K-1069
P-18,https://drive.google.com/open?id=1klBd7YWalXl8Vhx_qrC1WTmzxUUkWduD,K-1321
P-19,https://drive.google.com/open?id=1gtYpnzqtshEomr5Feeu-4h86hmZASlr3,K-1323
P-20,https://drive.google.com/open?id=1WMmxGon1lafX8vAYfTbwTf_ofzxgg-gD,K-1328
P-21,https://drive.google.com/open?id=1vNUJBQEaqbl6BuFbQeY6VCRKeS_8JRxn,K-1359
P-22,https://drive.google.com/open?id=1Aa5B1-Y5uSUrqLbDXxD-eNr82cVbdU2f,K-1486
P-23,https://drive.google.com/open?id=1PAoKctUCjnPnQu-_zwXupn_Uvw9qMwKE,K-1652
P-24,https://drive.google.com/open?id=1FIKte_TKwa5mYXOFhn-NiSElPGcqj-N0,K-1730
P-25,https://drive.google.com/open?id=1l6G5_ESMsGbcZXxqo3Fdn9yJfJh2PCRf,K-1743
P-26,https://drive.google.com/open?id=17a5vjrEXo3g2x6MBXv3MdBmduw_FFPF4,K-1864
P-27,https://drive.google.com/open?id=1caVZUukZ6c-XliaJvxc0UpTi6pMB6eX5,K-1866
P-28,https://drive.google.com/open?id=1fM6BXC-tufYCOZWGw6H2AkmKgQgVpw3V,K-1903
P-29,https://drive.google.com/open?id=1OfiZyxR8eBAUkGMQmTqJhdiZa4f3VwFE,K-1960
P-30,https://drive.google.com/open?id=1WQBS_EPlrBswvx9Vko8FitPYGEYOEo-S,K-1963
P-31,https://drive.google.com/open?id=15d7JjjScYP-EjNXMMoq8KjlSpl_QctNo,K-1964
P-32,https://drive.google.com/open?id=1PhOUT5RBy88wTTvWbkSrcXu4bCePlvCz,K-1975
P-33,https://drive.google.com/open?id=1_1mjT-UyJY_sXPC1t3JTRin6W6uh3zEB,K-1976
P-34,https://drive.google.com/open?id=1ejjnpkAVe60EMNT9V2WTvTT8Gs-gwkhG,K-2081
P-35,https://drive.google.com/open?id=1QWpfXDguDxllzB7e_FCN4qzYopGOEizZ,K-2123
P-36,https://drive.google.com/open?id=1jp94r_5tyIt0bBl4ZQ7upAe3SG0pxIDO,K-2147
P-37,https://drive.google.com/open?id=1HzJmCJBbo-2Rgjin_ilRfpXqwoEk2r4K,K-2159
P-38,https://drive.google.com/open?id=1CyMtiH3IO5HAgI_tj25yHX6XOVvWOZvA,K-2166
P-39,https://drive.google.com/open?id=1oraFPWUckeDaQ21VY3ST3w-JLAyI0zNB,K-2215
P-40,https://drive.google.com/open?id=1larh8uBdt1zS6rxhTmvvbn_00SoBxFiC,K-2224
P-41,https://drive.google.com/open?id=1zdwDQC79F1oJ-TfS3SIb4Z_DpXGwk50u,K-2225
P-42,https://drive.google.com/open?id=1OGXvt1131jwzLNwzeCw9ccl5aMSbse2d,K-2227
P-43,https://drive.google.com/open?id=1NwVsmOU6xIpzErh8Z9aEzzPq7fMv2NKd,K-2234
P-44,https://drive.google.com/open?id=11XN5zQiTnne-XRL0Dy-qWgX8yymwDZF0,K-2245
P-45,https://drive.google.com/open?id=1_mwIyy5UYZp0LgeXCNS4NNXUu0XXUA7t,K-2248
P-46,https://drive.google.com/open?id=1RHD2HJkjd_4eGIZ-HNf-uevAoAhMQobK,K-2250
P-47,https://drive.google.com/open?id=1dCtFHHGsZnpcoHJPPJE6_56F_7Q1U16u,K-2252
P-48,https://drive.google.com/open?id=1hEf5P0fReKJg1oMrM59VIeMaRwks1qQ3,K-2258
P-49,https://drive.google.com/open?id=1NCLWGBLmIOpZcGWodvs_TMfUfQ6fCLKW,K-2282
P-50,https://drive.google.com/open?id=1XxXTbN5HKQcoSwc-XAX3i0yu5aV_GOgN,K-2333
P-51,https://drive.google.com/open?id=1D7BHju1wkuJhSP0RNelKKfz2gg5sZ4VR,K-2349
P-52,https://drive.google.com/open?id=1KmirbA7NVLM0z-JLAVrD6SRfBiBXrdC9,K-2374
P-53,https://drive.google.com/open?id=1z9yggEu7dt-oiE2PVlBlpKmGzJLNsQJs,K-2375
P-54,https://drive.google.com/open?id=1VbRkz-22_gMBePy_oP_JDQgFdL2g0Im9,K-2400
P-55,https://drive.google.com/open?id=1NZ1xQqIpp6VQU5igvU_icbIDFwixvMnU,K-2421
P-56,https://drive.google.com/open?id=1ANfV6Z0k7loaF-uzqsEii370sGdCmBsQ,K-2825
P-57,https://drive.google.com/open?id=1rKqfQubp4g5K8nagjqkZs5I2joFjgTPq,K-2826
P-58,https://drive.google.com/open?id=1DCpvftqxbHCNsB9GTPFYYUUrfmTeaN3Y,K-2835
P-59,https://drive.google.com/open?id=1CGLKiLbewAttEmEFJjMMjZUW1Y9CzpSq,K-2836
P-60,https://drive.google.com/open?id=118UIXDrNmKkGU6jrmt2WMdJvbYdWuh_F,K-2895
P-61,https://drive.google.com/open?id=1kKe2B9bWfAYBlOHVZYLLNPKmW_OSlZnp,K-2897
P-62,https://drive.google.com/open?id=1gXE1MUHflQQC4rh_sRwno8cE1J0kTYyo,K-2902
P-63,https://drive.google.com/open?id=1nWOK4GblzFMbauQ9gS60mmSE-v9aLKbg,K-2903
P-64,https://drive.google.com/open?id=1zPHVSqxfGHjozmQVo0GoXrg6oZKwn7JG,K-2904
P-65,https://drive.google.com/open?id=13O6SVlLWww2fYbvuAOnG7E_e9pczjZea,K-2905
P-66,https://drive.google.com/open?id=1_Yuhqb8iuJCLp5pVEgmcjXpCCjyG8iA_,K-2907
P-67,https://drive.google.com/open?id=1wSimbZaNP2DpXOIRSVulC_CqH1-ogf5W,K-2910
P-68,https://drive.google.com/open?id=1EvBaKch_q-OCEIQRkSoOx1o3hMx0j8YW,K-2911
P-69,https://drive.google.com/open?id=1KkYSZpqSlSkdHdXHsiehxRaz9crryCaZ,K-2943
P-70,https://drive.google.com/open?id=1sZYYxTMNusfOTM6ohWq-Ry2KKfShUJtz,K-2947
P-71,https://drive.google.com/open?id=1bprEQsD1oXAfhNkTfCIYX26tIu9i8ijP,K-2956
P-72,https://drive.google.com/open?id=1WG5f3BCV2B8ZJVBeUyLPODX4t_XucP_-,K-2971
P-73,https://drive.google.com/open?id=1Fr0VTr-YYEs9UTqnX9dxUOacCvCSxp3z,K-3002
P-74,https://drive.google.com/open?id=1Z6Glp0qE7OUaR9QpzlKiWkkh6KcYi_kU,K-3012
P-75,https://drive.google.com/open?id=1qrvB6RTHjSnDBdfkJHtPQwVA3xNgghde,K-3023
P-76,https://drive.google.com/open?id=19v9ethr7ZxWNCA3t3wjgfnZ_ofh2c8TV,K-3024
P-77,https://drive.google.com/open?id=11u8KuYZ2uY3WyRHm21iVIZK9W1P7iXIv,K-3045
P-78,https://drive.google.com/open?id=1NcRiq5SLvan8BALjXT69D7rTA7B75XMR,K-3070
P-79,https://drive.google.com/open?id=19vGg7QRVSQtLO7-9Pq6MEVXJjHDd_Vd1,K-3082
P-80,https://drive.google.com/open?id=1Tch4wVzCo1F7CRsG2xC8IQ7ybW00JktU,K-3092
P-81,https://drive.google.com/open?id=1Yd_dro6giFBLGLsOUtLASPx84FANURSA,K-3106
P-82,https://drive.google.com/open?id=1IgkluuqJu5LOK5i4SWOwuOm84pZNwqO7,K-3108
P-83,https://drive.google.com/open?id=1rScSSN6WjvMLS29rvtpiqSiEjHIJBLfb,K-3119
P-84,https://drive.google.com/open?id=1RvFGsaXabJnv6q0rNdAo-FRw5noRrRK7,K-3126
P-85,https://drive.google.com/open?id=1OubHLo9xl7yiLx3JZQB3FdFkVk87h3GV,K-3134
P-86,https://drive.google.com/open?id=1sro7dqRtL4Jb1TXaucyzqNrtcwg5YEzu,K-3138
P-87,https://drive.google.com/open?id=1bZwUR_Fl01pZ-SFSuW5n-rwNh6STu2IH,K-3159
P-88,https://drive.google.com/open?id=1kGWzdIaXvEhmYhgikcEkYuiTxdlJ8W7v,K-3160
P-89,https://drive.google.com/open?id=1P_TqFHlQim1NWcPtedHyYY3pwwXdxqI1,K-3164
P-90,https://drive.google.com/open?id=1nnJ1nK9OCugigdO3GXRGDhQ2jzVifB8Z,K-3173
P-91,https://drive.google.com/open?id=1sGITdd4GYUXSdpk9K6s5-nCckPFLtvRR,K-3174
P-92,https://drive.google.com/open?id=1H2brpt6moXLg1jTrJ_NsN3DmqEJhxnHu,K-3175
P-93,https://drive.google.com/open?id=1T-mFrZYt1YmriFPMp3XPlaZ4flYmR2FG,K-3181
P-94,https://drive.google.com/open?id=1kl_GMZBgMdcAoQTgfvPxtEh9bxyfKzeT,K-3185
P-95,https://drive.google.com/open?id=19HWBBRPsPeinZHIxOcybBtzG-5K8dgjE,K-3188
P-96,https://drive.google.com/open?id=18o78mOMgb0aLlXWo4F-g24pA5Si-z5sJ,K-3214
P-97,https://drive.google.com/open?id=1Qa39BoQGSvA-RHlFma2FtaLKATA8VAUf,K-3222
P-98,https://drive.google.com/open?id=1-PAGtFfU8tedjbqXeyio437bKPzlty1O,K-3223
P-99,https://drive.google.com/open?id=1QcivauQ-CN-IbrwVaNLBV4ITizQvYREW,K-3224
P-100,https://drive.google.com/open?id=15PJXLT-UyUpK3PH_nevH2qqfL5OgNISC,K-3225
P-101,https://drive.google.com/open?id=14AYQjflCIha-RdpMETyy_4IpUcuUt9Dc,K-3226
P-102,https://drive.google.com/open?id=1oL8CkRxgq8EJV4fzYR7alXvJk9PoiVy1,K-3227
P-103,https://drive.google.com/open?id=1H21LedWmowZ5RJhk5a4TTpk8PD1z_00P,K-3228
P-104,https://drive.google.com/open?id=18IPDKQWvNZ0vhTrYGqEHfY7tdIemEl2M,K-3229
P-105,https://drive.google.com/open?id=1NhiPg8n-xT3Cu12wGQft3uLQzNTwvhMS,K-3244
P-106,https://drive.google.com/open?id=1VqPITkVY7Z_dJf9EzER4zc5QmRUASTv0,K-3300
P-107,https://drive.google.com/open?id=139ibPb-R0pSvR0kqlVGiMobpfOuLNGXz,K-3301
P-108,https://drive.google.com/open?id=1-T1Kls4n5OnK8-fKB9hJGRmNXUn96A2_,K-3302
P-109,https://drive.google.com/open?id=1Z5wsRYHup0rwNnUdCdcYkT7ylZKDU2P9,K-3303
P-110,https://drive.google.com/open?id=1aKAR1nF2fEe9hNDSt1kZnptK2vrCCMdH,K-3304
P-111,https://drive.google.com/open?id=1DdFnGdr3woED8sv0GN9DXGutt7YFR3j3,K-3305
P-112,https://drive.google.com/open?id=1UMZ_ddr-Ddh6mGUplFhSgP_M0ej29tB9,K-3306
P-113,https://drive.google.com/open?id=1TTcLRLvQDUaGFmjHhg7CZUxP2sj8zr2Q,K-3307
P-114,https://drive.google.com/open?id=1tZzpja-MyNfyy7suFwlIVyJqyHbMoW0A,K-3308
P-115,https://drive.google.com/open?id=1iVCeyEdaudKstQzcROH96cNHisFxyO90,K-3310
P-116,https://drive.google.com/open?id=1nPKnnnZAmEsMuwPjr_oFHy6Wa_4ImI9G,K-3311
P-117,https://drive.google.com/open?id=1zSrEju2zJ7ny_spxMmvRk1ZU58DSOdPe,K-3312
P-118,https://drive.google.com/open?id=1UNrATPxAPfK0dMa2bGpXdBMhtr8mfr98,K-3313
P-119,https://drive.google.com/open?id=1vwuclr1P0XyZEX_66XSrpVj27Yu4oPjb,K-3314
P-120,https://drive.google.com/open?id=14BB-wHJUazeq5WwoyImCcoQYzwfTLirK,K-3315
P-121,https://drive.google.com/open?id=1Ik5tF0NXBPtJRXZ8EWA-b9DhgsrCWJm-,K-3316
P-122,https://drive.google.com/open?id=1MQn4ENPBnLTcGxdTyxuSMsBTHXReJh2X,K-3317
P-123,https://drive.google.com/open?id=16aNVOQdsx6jxsEs0svPnqcgiGcMeSfrw,K-3318
P-124,https://drive.google.com/open?id=12BkllCljzQQIzxOV2-Fo_g1FJIHQeWil,K-3319
P-125,https://drive.google.com/open?id=1V5Pn-x-wxb6SNk038cQVAAlV3Mnd1Be5,K-3320
P-126,https://drive.google.com/open?id=1UW99MnkT_i2nTfQtAyWCHj0M3q7qB05M,K-3321
P-127,https://drive.google.com/file/d/1UuBjT88Tx6cRH7DeCJ8_mkeFzqi_RvH7/view,H-0003
P-128,https://drive.google.com/file/d/1kIOIwWUdSGUTojW7rbFurxEqZ21r_v-5/view,H-0029
P-129,https://drive.google.com/file/d/12bwMyA_gX5-7lyiSN9jdupIXVyJ-iNzT/view,H-0078
P-130,https://drive.google.com/file/d/1fEdw0GrAlEj-FLIl_pR1rHpBTWIGuFGd/view,H-0080
P-131,https://drive.google.com/file/d/1wsD1tEO-6sxVT4gk8caso9feHMxs2BIr/view,H-0092
P-132,https://drive.google.com/file/d/1bpVoFTA4CTZL2ZqveZPLM-T_RIkJDfN7/view,H-0329
P-133,https://drive.google.com/file/d/1vmelFuHZb0T4zV0TO9t2UTcTkHdb4Kdk/view,H-0475
P-134,https://drive.google.com/file/d/1Z_LlTlhQUjjGeYfZE_VljUGb2PeC-Bcq/view,H-0542
P-135,https://drive.google.com/file/d/1coXLo0-N5tTY23WJvLAcbuzUf97KL_pZ/view,H-1101
P-136,https://drive.google.com/file/d/1yjYcCpOq3hI6vEbUEBU-rDI9CurekgEY/view,H-1102
P-137,https://drive.google.com/file/d/18z0n9SnWbDF_4LDKucHc7AwPIL7u5Omk/view,H-1176
P-138,https://drive.google.com/file/d/1jrF09DoZdDAf3CDRuFfJIQZ7CFHCAz5J/view,H-1200
P-139,https://drive.google.com/file/d/1DaSBky2APeWnmhE7cy5JMOkO10uPSpCQ/view,H-1367
P-140,https://drive.google.com/file/d/1DVCO-A9p49KZ4qsZzL9Z4Y_bSEKYVmpR/view,H-1698
P-141,https://drive.google.com/file/d/1wBWqsLIVlu3quovIKTi55iNcr742LM0M/view,H-1807
P-142,https://drive.google.com/file/d/1lIuDenifXv2IFl6d4WUdjwv439DfhCyB/view,H-1851
P-143,https://drive.google.com/file/d/1HRqH5wFfsal4iWGUWFBq6vxBWhgrrNhV/view,H-1856
P-144,https://drive.google.com/file/d/1bA_vCXMjiGjytqAn0FRFiZdA-WxJmO2X/view,H-1905
P-145,https://drive.google.com/file/d/1fKd9UsKS1fYQoia2M4IbiDlT_mQ_nOwE/view,H-1910
P-146,https://drive.google.com/file/d/18vNkRRNqk3GFc1k7gjrG58gtzan-REXg/view,H-1911
P-147,https://drive.google.com/file/d/1m9wJiystk9jpRkY2pwRXLQiv7_cIao4r/view,H-1915
P-148,https://drive.google.com/file/d/1D0fuAiCEfJCa4n4yg1Nqj0KrSbtMsPrQ/view,H-1973
P-149,https://drive.google.com/file/d/1LZkjnbYJ8RJysS4xC3poJd-Rt1nrYtYa/view,H-2004
P-150,https://drive.google.com/file/d/1KV7OjDq4NesWyODsD3xzSDN3WWbRKsP0/view,H-2096
P-151,https://drive.google.com/file/d/1heRJhT1e5TfmymHLOXBcEBoclm5J2Jdu/view,H-2231
P-152,https://drive.google.com/file/d/1ZabDKhMNACjHVz-QpN7gOcURyqEztYKI/view,H-2317
P-153,https://drive.google.com/file/d/1TbNgcKgiEPgaAtOHuBjyk9yq0IimjXRN/view,H-2324
P-154,https://drive.google.com/file/d/1Lne78lf9XWJigoTPKUEm-Mh-iB848QG0/view,H-2354
P-155,https://drive.google.com/file/d/1Ogd8eGsornh5-yjrOZ1yCqP0AwxZqvNb/view,H-2384
P-156,https://drive.google.com/file/d/1umheuxZh-DiDPNkf_Q7nUIe4cXOtIqox/view,H-2389
P-157,https://drive.google.com/file/d/1Wv-4bw_Ki33pkibhUT-_gWaX15Yk3DVq/view,H-2390
P-158,https://drive.google.com/file/d/19rc3tXCoyb7ZgE6yxcIuYHSC8dtowuIE/view,H-2414
P-159,https://drive.google.com/file/d/1iZND-Te0O9U4mUkkgsWcN7zQfbNLHyNn/view,H-2416
P-160,https://drive.google.com/file/d/1_eKMNljkN8fkkfUep0h3geDGADOSyOUW/view,H-2759
P-161,https://drive.google.com/file/d/17ArGYwdmq9HtH3vW0aZyYhaNXIgx8Isj/view,H-2761
P-162,https://drive.google.com/file/d/1Ol6hAb5XTMZZxxSmJeo2XwSIdLctlZyd/view,H-2852
P-163,https://drive.google.com/file/d/1GmYHlSxgted82GB7Libc_ckhfqIU5TBn/view,H-2857
P-164,https://drive.google.com/file/d/1IeBLUzvVfEvXEMAT4Ur1v0Uq1mFBF8h_/view,H-2883
P-165,https://drive.google.com/file/d/1YoLqSs5B9Gnc0xdjQcLR-lDUCKfsEAln/view,H-2886
P-166,https://drive.google.com/file/d/1kI_XIB3MAxI6fCBCsKp_hESUN6fVADCv/view,H-2888
P-167,https://drive.google.com/file/d/1IxKsAeXTBAzei5sG7wi4mf_4GDFLK_q4/view,H-2892
P-168,https://drive.google.com/file/d/1QGvXy7Vhqjj4oLKjkTBTMrM2G4LcuhJa/view,H-2946
P-169,https://drive.google.com/file/d/1YoiI4GA3wX2-QmBxDweKv5kbZKqDhes6/view,H-2953
P-170,https://drive.google.com/file/d/1hvpWVHHrO37RVtr8ifsRt3F1R2LvQpKH/view,H-2977
P-171,,H-2985
P-172,https://drive.google.com/file/d/1UOHEeGELdNA12MF3UgjOoXiMJe63ws_v/view,H-2999
P-173,https://drive.google.com/file/d/16d1BrGdzdv847IsShFfFtE-x7gl4yaRt/view,H-3006
P-174,https://drive.google.com/file/d/1N9U7iUdt1FxGaLOsUjT40jrZBTpI6pwI/view,H-3022
P-175,https://drive.google.com/file/d/1Efdx5erH-y4O2sqSJZhYRZMJ0RJk0lx0/view,H-3027
P-176,https://drive.google.com/file/d/1OC5NoVtn_mOxLEX1kujbzLKQWBqxc3bz/view,H-3029
P-177,https://drive.google.com/file/d/1amXQED_X2RtC9MbtTafMF79fl0_etBGj/view,H-3041
P-178,https://drive.google.com/file/d/1ii7-B-VU2NBjbX-KHXPtXFQucC5tk2pd/view,H-3044
P-179,https://drive.google.com/file/d/1NDdHSBIe5jjP87ruW2-SNczRylH3SEj1/view,H-3050
P-180,https://drive.google.com/file/d/1WxWsI5HgT-QgUxSyDr58cay6MIAFe2gJ/view,H-3067
P-181,https://drive.google.com/file/d/1SZw_yoLvaAbWPs-1J38V7K-EnCRS_dAw/view,H-3068
P-182,https://drive.google.com/file/d/1qneZTKAVcRm_WJs9IIMgRnxNXQcgOx99/view,H-3080
P-183,https://drive.google.com/file/d/1P0Y2RktN84LePRrLclZLAShjVACrfBv_/view,H-3099
P-184,https://drive.google.com/file/d/1f-10GKlTOzDL8CRIGVy1nUJ6rTidjrZl/view,H-3100
P-185,https://drive.google.com/file/d/1PuoMOhyocEQPx5QgVc4RgWFmXNXwlH0F/view,H-3112
P-186,https://drive.google.com/file/d/1cUkPlLTxAR_sYATHQUCTHKwMViGEuB9F/view,H-3114
P-187,https://drive.google.com/file/d/11PTYXWysezHzYlgVio1b6Eccnj8eDQNJ/view,H-3118
P-188,https://drive.google.com/file/d/1A0NBDFTbIS_2zsNhqgwaNfc18La2g2c-/view,H-3123
P-189,https://drive.google.com/file/d/1rP4m35ObfZyInLfTlbeXpUgZ8CO5Q0AJ/view,H-3129
P-190,https://drive.google.com/file/d/1QqcOhg1quVqZ543e9dSNWsbvOFWE9rpY/view,H-3139
P-191,https://drive.google.com/file/d/1w3Ep5Q79QJquGDdLu0Bj_umErgaPr-_1/view,H-3150
P-192,https://drive.google.com/file/d/1j4sPz4TyiUNC2BTERxjwPytloIvGtVb0/view,H-3157
P-193,https://drive.google.com/file/d/1quf5t25DuXuZrjZSYirmTAy-P4MGY_xb/view,H-3158
P-194,https://drive.google.com/file/d/1ju4XFmjWX61etA-SDVoEr9jsyIl2HpGC/view,H-3161
P-195,,H-3169
P-196,https://drive.google.com/file/d/10jcsE7f2OqC6R5_Y8UPr1lmt-VH4UQ_9/view,H-3170
P-197,https://drive.google.com/file/d/11SSWs5x5Wb90ynskIdJBSm8qFlfrdD1Y/view,H-3180
P-198,https://drive.google.com/file/d/11ZCv41rZkcUonWq9cqdGUB1HAaG4xspt/view,H-3206
P-199,https://drive.google.com/file/d/1uHa9quhB5OS_Awg_XueQVoQrZIxs_goE/view,H-3207
P-200,https://drive.google.com/file/d/11eRw14f-JPieMAEC0rJQSGtIIofOLcVG/view,H-3216
P-201,https://drive.google.com/file/d/16PLrzvC-HKKw8EnJ_Eop4kRy4VNSTiYb/view,H-3232
P-202,https://drive.google.com/file/d/11jqYxlYlkI7gWZ28yiEsv-42mS0sDiuu/view,H-3235
P-203,https://drive.google.com/file/d/11GqVPB1bEdC9W0uH9EU9KsBSHQhbuUfY/view,H-3313
P-204,https://drive.google.com/file/d/1SSRekNlAg5KuezN4H-BVvAySRwFHW_q4/view,H-3400
P-205,https://drive.google.com/file/d/1mN3Kb_NP4YABZdZTF9fDPAIhsQQKIX5U/view,H-3402
P-206,https://drive.google.com/file/d/1LmH-2913gio0a8q1gmZh35C3yT9ha4TG/view,H-3403
